<?xml version="1.0" encoding="iso-8859-1" ?>
<ItemBlueprints>
  <ItemBlueprint name="Ruby"            color=".69,.15,.15"     glyph="*"         slot="none"/>
  <ItemBlueprint name="Emerald"         color=".24,.75,.03"     glyph="*"         slot="none"/>
  <ItemBlueprint name="IronStaff"       color=".87,.87,.87"     glyph="|"         slot="meleeWeapon"      damage="7" />
  <ItemBlueprint name="WoodStaff"       color="1.0,.43,.04"     glyph="|"         slot="meleeWeapon"      damage="3" />
  <ItemBlueprint name="BootsOfPoseidon" color=".09,.54,.87"     glyph="L"         slot="legs"             agility="3~6" />
  <ItemBlueprint name="BootsOfIcarus"   color=".98,.83,0.0"     glyph="L"         slot="legs"             agility="9~15" />
  <ItemBlueprint name="PsychicFist"     color=".65,.14,.87"     glyph="p"         slot="arms"             strength="4~7" />
  <ItemBlueprint name="RubberGloves"    color=".98,.83,0.0"     glyph="p"         slot="arms"             strength="2~3" />
  <ItemBlueprint name="FireFists"       color=".69,.15,.15"     glyph="p"         slot="arms"             strength="3~5"/>
  <ItemBlueprint name="IronFists"       color=".87,.87,.87"     glyph="p"         slot="arms"             strength="10~15" />
  <ItemBlueprint name="BigBow"          color=".87,.87,.87"     glyph="}"         slot="rangeWeapon"      damage="15"         range="3,9" />
  <ItemBlueprint name="SmallBow"        color="1.0,.43,.04"     glyph="}"         slot="rangeWeapon"      damage="7"          range="1,5" />
  <ItemBlueprint name="BookOfCerberus"  color=".69,.15,.15"     glyph="="         slot="none" />
  <ItemBlueprint name="BookOfHades"     color=".65,.14,.87"     glyph="="         slot="none" />
  <ItemBlueprint name="LongSword"       color=".87,.87,.87"     glyph="!"         slot="meleeWeapon"      damage="15"/>
  <ItemBlueprint name="WoodenSword"     color="1.0,.43,.04"     glyph="!"         slot="meleeWeapon"      damage="5"/>
  <ItemBlueprint name="ShortSword"      color=".87,.87,.87"     glyph="-"         slot="meleeWeapon"      damage="10"/>
  <ItemBlueprint name="IronHelmet"      color=".87,.87,.87"     glyph="^"         slot="head"             toughness="5" />
  <ItemBlueprint name="FireHelmet"      color=".69,.15,.15"     glyph="^"         slot="head"             toughness="2~4" />
  <ItemBlueprint name="IceHelmet"       color=".09,.54,.87"     glyph="^"         slot="head"             toughness="1~3" />
  <ItemBlueprint name="IronArmor"       color=".87,.87,.87"     glyph="]"         slot="chest"            toughness="5~7"     agility="-2~-4"/>
  <ItemBlueprint name="FireArmor"       color=".69,.15,.15"     glyph="]"         slot="chest"            toughness="2~3"     agility="-1~-3" />
  <ItemBlueprint name="IceArmor"        color=".09,.54,.87"     glyph="]"         slot="chest"            toughness="1"       agility="-1" />
  <ItemBlueprint name="FocusBracelet"   color=".40,.40,.40"     glyph="&quot;"    slot="misc"             dexterity="4~7"     agility="2"/>
  <ItemBlueprint name="CourageBracelet" color=".69,.15,.15"     glyph="&quot;"    slot="misc"             dexterity="2"       strength="1~4"/>
  <ItemBlueprint name="LightBracelet"   color=".98,.83,0.0"     glyph="&quot;"    slot="misc"             dexterity="2~4"     agility="2~4"/>
  <ItemBlueprint name="IronBracelet"    color=".87,.87,.87"     glyph="&quot;"    slot="misc"             dexterity="2~3"     agility="-1~-3"         toughness="2" />
  <ItemBlueprint name="Poison"          color=".65,.14,.87"     glyph=";"         slot="none"             damage="15" />
  <ItemBlueprint name="BluePotion"      color=".09,.54,.87"     glyph=";"         slot="none"             damage="-10" />
  <ItemBlueprint name="RedPotion"       color=".69,.15,.15"     glyph=";"         slot="none"             damage="-25" />
  <ItemBlueprint name="RedKey"          color=".69,.15,.15"     glyph="k"         slot="none"             damage="0" />
</ItemBlueprints>